id,subreddit,url,filename,date
1t1livx_0,texts,https://preview.redd.it/k5dgt6th4pyg1.jpg?width=1282&format=pjpg&auto=webp&s=e883b8a73dd33e778cf4f767e09a776eee1783e2,texts_1t1livx_0.jpg,2026-05-02 14:51:42
1t1livx_1,texts,https://preview.redd.it/l5c7q7th4pyg1.jpg?width=1284&format=pjpg&auto=webp&s=52d580537abbf450a0ff39f52c980c07a9e219f2,texts_1t1livx_1.jpg,2026-05-02 14:51:42
1t1livx_2,texts,https://preview.redd.it/qqmdt6th4pyg1.jpg?width=1283&format=pjpg&auto=webp&s=35971bc2d46e2e3d02493a93cc48cba25581e3e1,texts_1t1livx_2.jpg,2026-05-02 14:51:42
1t1livx_3,texts,https://preview.redd.it/gwl2g7th4pyg1.jpg?width=1282&format=pjpg&auto=webp&s=b6eb7c9ebe80e238d1ab9657db67eae1f934e34d,texts_1t1livx_3.jpg,2026-05-02 14:51:42
1t1livx_4,texts,https://preview.redd.it/pto5o6th4pyg1.jpg?width=1283&format=pjpg&auto=webp&s=c4861fa2a11939a7ec1bcd0d1b6d69c24f938b8c,texts_1t1livx_4.jpg,2026-05-02 14:51:42
1t1livx_5,texts,https://preview.redd.it/scizt6th4pyg1.jpg?width=1282&format=pjpg&auto=webp&s=c2e5ffa651b9578bc9ed49766263bf9a37b9776e,texts_1t1livx_5.jpg,2026-05-02 14:51:42
1t1livx_6,texts,https://preview.redd.it/1s5f56th4pyg1.jpg?width=1283&format=pjpg&auto=webp&s=36d09b66b1cf405643a1c4108290fc41a3d133f7,texts_1t1livx_6.jpg,2026-05-02 14:51:42
1t1livx_7,texts,https://preview.redd.it/c07bm8th4pyg1.jpg?width=1282&format=pjpg&auto=webp&s=d9fea9ec9eb4383a7168feb0861508ea9844b7c4,texts_1t1livx_7.jpg,2026-05-02 14:51:43
1t1l37t,texts,https://i.redd.it/urxpd5e00pyg1.jpeg,texts_1t1l37t.jpeg,2026-05-02 14:51:43
1t1hdrz,texts,https://i.redd.it/l331whveynyg1.jpeg,texts_1t1hdrz.jpeg,2026-05-02 14:51:43
1t1g1yg,texts,https://i.redd.it/f80g6bmnlnyg1.jpeg,texts_1t1g1yg.jpeg,2026-05-02 14:51:43
1t1es5i_0,texts,https://preview.redd.it/jda37o35anyg1.jpg?width=1290&format=pjpg&auto=webp&s=46989069396dedd6b6c5e27bbaa98a24f2af4e07,texts_1t1es5i_0.jpg,2026-05-02 14:51:43
1t1es5i_1,texts,https://preview.redd.it/46mo6m35anyg1.jpg?width=1290&format=pjpg&auto=webp&s=999d839acb94ab0fa5f38e8ddf7fccf12248dde9,texts_1t1es5i_1.jpg,2026-05-02 14:51:43
1t1es5i_2,texts,https://preview.redd.it/xdc2yl35anyg1.jpg?width=1290&format=pjpg&auto=webp&s=77de2a7ec4d23113e243d171fa98b64e71acdb32,texts_1t1es5i_2.jpg,2026-05-02 14:51:44
1t1ejih_0,texts,https://preview.redd.it/6qg88kd08nyg1.jpg?width=1080&format=pjpg&auto=webp&s=d80ac3f5c407e09f1a76917fabc7a8027562c5dc,texts_1t1ejih_0.jpg,2026-05-02 14:51:44
1t1ejih_1,texts,https://preview.redd.it/ygnnu8k08nyg1.jpg?width=1080&format=pjpg&auto=webp&s=ffdd35fce1402c19dc28b1776833b4b0cae1b1fc,texts_1t1ejih_1.jpg,2026-05-02 14:51:44
1t1ejih_2,texts,https://preview.redd.it/0nvnmba08nyg1.jpg?width=1047&format=pjpg&auto=webp&s=00581ea2a1960941101fd6ac41ac17bb61611467,texts_1t1ejih_2.jpg,2026-05-02 14:51:44
1t1ejih_3,texts,https://preview.redd.it/amsvrbj08nyg1.jpg?width=1066&format=pjpg&auto=webp&s=a86d42d82dfc69d73903928933442ab91a7efddf,texts_1t1ejih_3.jpg,2026-05-02 14:51:44
1t1ejih_4,texts,https://preview.redd.it/4zdl09i08nyg1.jpg?width=1080&format=pjpg&auto=webp&s=033567cd784468421c469bf04506e8104b6fd288,texts_1t1ejih_4.jpg,2026-05-02 14:51:44
1t1ejih_5,texts,https://preview.redd.it/hx93eag08nyg1.jpg?width=1080&format=pjpg&auto=webp&s=472ce4cc6316692fa99943911853b9ee144da610,texts_1t1ejih_5.jpg,2026-05-02 14:51:44
1t1ejih_6,texts,https://preview.redd.it/bfrg7fe08nyg1.jpg?width=1079&format=pjpg&auto=webp&s=ae11c355f4c1d2437f01eafe46452085394b0f5f,texts_1t1ejih_6.jpg,2026-05-02 14:51:44
1t1dy67,texts,https://i.redd.it/4ttlicly2nyg1.jpeg,texts_1t1dy67.jpeg,2026-05-02 14:51:45
1t1ccv9_0,texts,https://preview.redd.it/3h1dlffgpmyg1.jpg?width=1179&format=pjpg&auto=webp&s=2809e86c6a695492196080f318c7c94a002594f6,texts_1t1ccv9_0.jpg,2026-05-02 14:51:45
1t1ccv9_1,texts,https://preview.redd.it/vzwvsgfgpmyg1.jpg?width=1179&format=pjpg&auto=webp&s=488b1327e5d7adff082f3d2d14471420a96ea2c3,texts_1t1ccv9_1.jpg,2026-05-02 14:51:45
1t1ccv9_2,texts,https://preview.redd.it/u1ke9hfgpmyg1.jpg?width=1178&format=pjpg&auto=webp&s=8b371f168b584ea20a26deaf0aae0037d1cf932a,texts_1t1ccv9_2.jpg,2026-05-02 14:51:45
1t1ccv9_3,texts,https://preview.redd.it/4eezshfgpmyg1.jpg?width=1179&format=pjpg&auto=webp&s=1de2db3043b0a82e675ace3672a695ada85c8b40,texts_1t1ccv9_3.jpg,2026-05-02 14:51:45
1t1bnf2_0,texts,https://preview.redd.it/7m9dyr7jjmyg1.jpg?width=1163&format=pjpg&auto=webp&s=0c3383588d65439c1233231c1ab33a8a930d8f4b,texts_1t1bnf2_0.jpg,2026-05-02 14:51:45
1t1bnf2_1,texts,https://preview.redd.it/p7me2w7jjmyg1.jpg?width=1170&format=pjpg&auto=webp&s=25c29e42c0e73834d67769493b959c549408b23e,texts_1t1bnf2_1.jpg,2026-05-02 14:51:45
1t1bnf2_2,texts,https://preview.redd.it/pw0xiq7jjmyg1.jpg?width=1170&format=pjpg&auto=webp&s=2231c62574f6efd8c8194b4dc434cd6f7f4d82c3,texts_1t1bnf2_2.jpg,2026-05-02 14:51:45
1t1bnf2_3,texts,https://preview.redd.it/9cd5tt7jjmyg1.jpg?width=1170&format=pjpg&auto=webp&s=d9bf62c77ae2166c8e2bc04202c42ac066c21752,texts_1t1bnf2_3.jpg,2026-05-02 14:51:46
1t1bnf2_4,texts,https://preview.redd.it/lmrint7jjmyg1.jpg?width=1170&format=pjpg&auto=webp&s=bb85bf75346de06e25732d72c066442821e751d9,texts_1t1bnf2_4.jpg,2026-05-02 14:51:46
1t1bnf2_5,texts,https://preview.redd.it/qvaezx7jjmyg1.jpg?width=1170&format=pjpg&auto=webp&s=9c26fda015a2ed365bcaa6d44519a37f4711e3b9,texts_1t1bnf2_5.jpg,2026-05-02 14:51:46
1t1bnf2_6,texts,https://preview.redd.it/ddcggs7jjmyg1.jpg?width=1170&format=pjpg&auto=webp&s=820a28f83971f0b15c9af50cb277f75f035413eb,texts_1t1bnf2_6.jpg,2026-05-02 14:51:46
1t17k56_0,texts,https://preview.redd.it/h01pyeyknlyg1.jpg?width=968&format=pjpg&auto=webp&s=6f4d9d129144a218807252c91d8150e2c9e42b4e,texts_1t17k56_0.jpg,2026-05-02 14:51:46
1t17k56_1,texts,https://preview.redd.it/plap4u0lnlyg1.jpg?width=968&format=pjpg&auto=webp&s=24a42ebb0a99107fd403d16062114c0f7744af84,texts_1t17k56_1.jpg,2026-05-02 14:51:46
1t17fsm,texts,https://i.redd.it/dk4j15ppmlyg1.jpeg,texts_1t17fsm.jpeg,2026-05-02 14:51:46
1t16xyg,texts,https://i.redd.it/p5uwz9o3jlyg1.jpeg,texts_1t16xyg.jpeg,2026-05-02 14:51:46
1t0xveq_0,texts,https://preview.redd.it/hjcoz8ivvjyg1.jpg?width=1153&format=pjpg&auto=webp&s=b17f3a1745645a854c28020cc693ba644e70ae79,texts_1t0xveq_0.jpg,2026-05-02 14:51:46
1t0xveq_1,texts,https://preview.redd.it/df537aivvjyg1.jpg?width=1144&format=pjpg&auto=webp&s=44a6426449f7196ed53a57989fd8a2936570a1e0,texts_1t0xveq_1.jpg,2026-05-02 14:51:47
1t0xlnl_0,texts,https://preview.redd.it/uynss3f5ujyg1.png?width=1080&format=png&auto=webp&s=195fcbae4d4b89d1f880345c22da693fff2bf025,texts_1t0xlnl_0.png,2026-05-02 14:51:47
1t0xlnl_1,texts,https://preview.redd.it/cuu927s4ujyg1.png?width=1080&format=png&auto=webp&s=21c286994de270b2853de90e205714c6d2b503f8,texts_1t0xlnl_1.png,2026-05-02 14:51:47
1t0xlnl_2,texts,https://preview.redd.it/h6bfi7z4ujyg1.png?width=1080&format=png&auto=webp&s=59166c52e4b914bd781c5423c5aa60d96e3cafe9,texts_1t0xlnl_2.png,2026-05-02 14:51:47
1t0xlnl_3,texts,https://preview.redd.it/ad9yk685ujyg1.png?width=1080&format=png&auto=webp&s=55b8d9051a0e3bc44459d5a30516bed0150c635c,texts_1t0xlnl_3.png,2026-05-02 14:51:47
1t0xlnl_4,texts,https://preview.redd.it/jyusz7d5ujyg1.png?width=1080&format=png&auto=webp&s=c5a31706ecb2e166ac06f82d3df4c40bee7638bc,texts_1t0xlnl_4.png,2026-05-02 14:51:48
1t0xlnl_5,texts,https://preview.redd.it/x98asn25ujyg1.png?width=1080&format=png&auto=webp&s=78f6c031564d3301955a0450e5e3f91653ad35e9,texts_1t0xlnl_5.png,2026-05-02 14:51:48
1t0xlnl_6,texts,https://preview.redd.it/93qtdrn5ujyg1.png?width=1080&format=png&auto=webp&s=5c6dfac34ba56b13b1cc19f65acba1951924573c,texts_1t0xlnl_6.png,2026-05-02 14:51:48
1t0xlnl_7,texts,https://preview.redd.it/3ahjyqa5ujyg1.png?width=1080&format=png&auto=webp&s=ba25c1753aafd1308b93dede530e17b6d5107400,texts_1t0xlnl_7.png,2026-05-02 14:51:48
1t0xlnl_8,texts,https://preview.redd.it/shwtf5r5ujyg1.png?width=2082&format=png&auto=webp&s=7ab3afe81ef04f7ac44f3f7b36acf2a28f370b35,texts_1t0xlnl_8.png,2026-05-02 14:51:49
1t0xlnl_9,texts,https://preview.redd.it/nbv9qxh5ujyg1.jpg?width=2082&format=pjpg&auto=webp&s=6ef3bf2a2747bb9e37c33ecfe9d47c35d6f942a1,texts_1t0xlnl_9.jpg,2026-05-02 14:51:50
1t0xlnl_10,texts,https://preview.redd.it/1si60r45ujyg1.png?width=1080&format=png&auto=webp&s=4284c6450d5a2fb7b2eaafdb9f13d0fc72d2eeb4,texts_1t0xlnl_10.png,2026-05-02 14:51:50
1t0uh55_0,texts,https://preview.redd.it/ffvq7zbo9jyg1.jpg?width=1284&format=pjpg&auto=webp&s=5ad02af9e1fa97742efb0a044ad0abf484deb6de,texts_1t0uh55_0.jpg,2026-05-02 14:51:50
1t0uh55_1,texts,https://preview.redd.it/2hkbczbo9jyg1.jpg?width=1284&format=pjpg&auto=webp&s=b2b135d9490194cca2fd7299fc5cfb2f2aacfa23,texts_1t0uh55_1.jpg,2026-05-02 14:51:50
1t0uh55_2,texts,https://preview.redd.it/f6hrfybo9jyg1.jpg?width=1284&format=pjpg&auto=webp&s=4c840843b884998c589488a0c08515f61ec30881,texts_1t0uh55_2.jpg,2026-05-02 14:51:50
1t0uh55_3,texts,https://preview.redd.it/qkeqdzbo9jyg1.jpg?width=1284&format=pjpg&auto=webp&s=25504ffc62c9e34f4aebda72548dd06d912a5c49,texts_1t0uh55_3.jpg,2026-05-02 14:51:51
1t0uh55_4,texts,https://preview.redd.it/j5sfbzbo9jyg1.jpg?width=1284&format=pjpg&auto=webp&s=69e7e3d1d9cb1ff9304f234a9e07be66f0d56d02,texts_1t0uh55_4.jpg,2026-05-02 14:51:51
1t0uh55_5,texts,https://preview.redd.it/pqigtzbo9jyg1.jpg?width=1284&format=pjpg&auto=webp&s=c8a3dd2d9b179ae9c30c7d21e08022491dfa12e7,texts_1t0uh55_5.jpg,2026-05-02 14:51:51
1t0sicl,texts,https://i.redd.it/3zlaaw6pviyg1.jpeg,texts_1t0sicl.jpeg,2026-05-02 14:51:51
1t0rvpe_0,texts,https://preview.redd.it/vhv1apitqiyg1.jpg?width=1206&format=pjpg&auto=webp&s=73f392f13c6a5674a3d8e08b248d6d413b2596c2,texts_1t0rvpe_0.jpg,2026-05-02 14:51:51
1t0rvpe_1,texts,https://preview.redd.it/p2nghpitqiyg1.jpg?width=1206&format=pjpg&auto=webp&s=edd9a0cb27ea9eba4d26b17ca9ba0d802d544207,texts_1t0rvpe_1.jpg,2026-05-02 14:51:51
1t0rvpe_2,texts,https://preview.redd.it/ihhowpitqiyg1.jpg?width=1206&format=pjpg&auto=webp&s=be3e038b357d8db3d845257f263f286fa4ec2a0a,texts_1t0rvpe_2.jpg,2026-05-02 14:51:51
1t0p46c,texts,https://i.redd.it/cqeb3s8d2iyg1.jpeg,texts_1t0p46c.jpeg,2026-05-02 14:51:51
1t0j339_0,texts,https://preview.redd.it/toq5n4noegyg1.jpg?width=1080&format=pjpg&auto=webp&s=5625745ae68c903d6701299f79fa87039c865e1a,texts_1t0j339_0.jpg,2026-05-02 14:51:51
1t0j339_1,texts,https://preview.redd.it/ifbimepoegyg1.jpg?width=1080&format=pjpg&auto=webp&s=dbbed14267e724f4a5ce36ccbcc193c22676862b,texts_1t0j339_1.jpg,2026-05-02 14:51:52
1t08god,texts,https://i.redd.it/2yvi761k3eyg1.jpeg,texts_1t08god.jpeg,2026-05-02 14:51:52
1szwbll,texts,https://i.redd.it/qk0us8d0zbyg1.png,texts_1szwbll.png,2026-05-02 14:51:52
1szoq43,texts,https://i.redd.it/8uyz30ow1ayg1.jpeg,texts_1szoq43.jpeg,2026-05-02 14:51:52
1szjk3i_0,texts,https://preview.redd.it/2lqesjr9q8yg1.jpg?width=1318&format=pjpg&auto=webp&s=34c39f83c3d8ee80d0db24a6036b04bf671f59fe,texts_1szjk3i_0.jpg,2026-05-02 14:51:52
1szjk3i_1,texts,https://preview.redd.it/3hd6vjr9q8yg1.jpg?width=1320&format=pjpg&auto=webp&s=2336fb2b8134d079cea7a9d2b43c1669e75a517c,texts_1szjk3i_1.jpg,2026-05-02 14:51:52
1szjk3i_2,texts,https://preview.redd.it/6r9gdkr9q8yg1.jpg?width=1318&format=pjpg&auto=webp&s=6efc60494f973c99c5e55d5accc9697c11cf7402,texts_1szjk3i_2.jpg,2026-05-02 14:51:52
1szjk3i_3,texts,https://preview.redd.it/9vxazir9q8yg1.jpg?width=1320&format=pjpg&auto=webp&s=cf65bee814437417e308c10d1286fc2fa95cdf4a,texts_1szjk3i_3.jpg,2026-05-02 14:51:52
1szjk3i_4,texts,https://preview.redd.it/vpa33jr9q8yg1.jpg?width=1318&format=pjpg&auto=webp&s=7341db6c0f2d65c8bf73edcfb7e84a325a89d3f8,texts_1szjk3i_4.jpg,2026-05-02 14:51:52
1szjk3i_5,texts,https://preview.redd.it/8tfenjr9q8yg1.jpg?width=1320&format=pjpg&auto=webp&s=a855922da9830fcc1b1f54e6b329e6f43fb2ac78,texts_1szjk3i_5.jpg,2026-05-02 14:51:53
1szjk3i_6,texts,https://preview.redd.it/5fhvhjr9q8yg1.jpg?width=1320&format=pjpg&auto=webp&s=de1cd8e8bf34983a8b5ae424a7cdfb7bce617ef4,texts_1szjk3i_6.jpg,2026-05-02 14:51:53
1szjk3i_7,texts,https://preview.redd.it/hi1ukjr9q8yg1.jpg?width=1320&format=pjpg&auto=webp&s=a68ea5f59e0e1a7e9ab4ef650aef8eb8888ec205,texts_1szjk3i_7.jpg,2026-05-02 14:51:53
1szjk3i_8,texts,https://preview.redd.it/1kitjjr9q8yg1.jpg?width=1319&format=pjpg&auto=webp&s=58ea3463d7b4a7e41ec8f57dd760d03cd7e56c39,texts_1szjk3i_8.jpg,2026-05-02 14:51:53
1szjk3i_9,texts,https://preview.redd.it/33ppdjr9q8yg1.jpg?width=1320&format=pjpg&auto=webp&s=d5f4afa4793464634d3a88764430d091788c4fe2,texts_1szjk3i_9.jpg,2026-05-02 14:51:53
1szjk3i_10,texts,https://preview.redd.it/616i4kr9q8yg1.jpg?width=1320&format=pjpg&auto=webp&s=33b8cbc129fe6277fb922252e28959b08be4f7f2,texts_1szjk3i_10.jpg,2026-05-02 14:51:53
1szjk3i_11,texts,https://preview.redd.it/1kzwuxr9q8yg1.jpg?width=1320&format=pjpg&auto=webp&s=c2cf27db5ce01b9f1f2ac481cedb5d988d813964,texts_1szjk3i_11.jpg,2026-05-02 14:51:53
1szjk3i_12,texts,https://preview.redd.it/5lrxxir9q8yg1.jpg?width=1320&format=pjpg&auto=webp&s=b2d83ddb7080af2e4d51945560b3e5cc298c548e,texts_1szjk3i_12.jpg,2026-05-02 14:51:53
1szjk3i_13,texts,https://preview.redd.it/7ur2yjr9q8yg1.jpg?width=1320&format=pjpg&auto=webp&s=bcd8e20502984df8ec383e0ee209ad776b3647f5,texts_1szjk3i_13.jpg,2026-05-02 14:51:53
1szakrx_0,texts,https://preview.redd.it/dl1wv8hbv6yg1.jpg?width=1170&format=pjpg&auto=webp&s=65cf8204c121763859c6d3aae5e8151cb2d4bc33,texts_1szakrx_0.jpg,2026-05-02 14:51:54
1szakrx_1,texts,https://preview.redd.it/fiv508hbv6yg1.jpg?width=1170&format=pjpg&auto=webp&s=44bb00681adc34dcd3089a27bea35d7e76552c60,texts_1szakrx_1.jpg,2026-05-02 14:51:54
1sz6c40_0,texts,https://preview.redd.it/6t3n4q5m46yg1.jpg?width=1078&format=pjpg&auto=webp&s=9d90820a7ace0d41dd7e70a15a73a8bfdcecfa03,texts_1sz6c40_0.jpg,2026-05-02 14:51:54
1sz6c40_1,texts,https://preview.redd.it/rco67b2m46yg1.jpg?width=1080&format=pjpg&auto=webp&s=4d319228706ab7ec2f5fc0afd80cdeed6812de2a,texts_1sz6c40_1.jpg,2026-05-02 14:51:54
1sz6c40_2,texts,https://preview.redd.it/9aaumc0m46yg1.jpg?width=1080&format=pjpg&auto=webp&s=fb48d2ba23d002d7b0b91c32cc35c6f42497d4c4,texts_1sz6c40_2.jpg,2026-05-02 14:51:54
1sz6c40_3,texts,https://preview.redd.it/r9barm8m46yg1.jpg?width=1080&format=pjpg&auto=webp&s=4ed51a621c5443189d51dedef8640a23ebc50fba,texts_1sz6c40_3.jpg,2026-05-02 14:51:54
1sz6c40_4,texts,https://preview.redd.it/9m2dp0xl46yg1.jpg?width=1080&format=pjpg&auto=webp&s=7f88b4bf7be3168b132f44d58fe377fe30ad8611,texts_1sz6c40_4.jpg,2026-05-02 14:51:55
1sz6c40_5,texts,https://preview.redd.it/a5yvrtam46yg1.jpg?width=1080&format=pjpg&auto=webp&s=9370cde9b96ae57d6c7b14b10012006653ef6c7d,texts_1sz6c40_5.jpg,2026-05-02 14:51:55
1sz5nry,texts,https://i.redd.it/84b6knqg06yg1.jpeg,texts_1sz5nry.jpeg,2026-05-02 14:51:55
1syzlmo_0,texts,https://preview.redd.it/5juxore2y4yg1.png?width=1080&format=png&auto=webp&s=934bf5f80add4b9e13998dff4504ccc1fb2d48fe,texts_1syzlmo_0.png,2026-05-02 14:51:55
1syzlmo_1,texts,https://preview.redd.it/i508tqg2y4yg1.png?width=1080&format=png&auto=webp&s=e59f98fa5674b90c958741f4da90ae5b1ad55129,texts_1syzlmo_1.png,2026-05-02 14:51:55
1syzlmo_2,texts,https://preview.redd.it/o63s5ek2y4yg1.png?width=1080&format=png&auto=webp&s=3edc1a3e2e48c4ee310ff924348d5a206b266449,texts_1syzlmo_2.png,2026-05-02 14:51:55
1syzlmo_3,texts,https://preview.redd.it/1ndks7i2y4yg1.png?width=1080&format=png&auto=webp&s=cfd4ef1c0884d2bcd31a7540a78715bbfa4bd352,texts_1syzlmo_3.png,2026-05-02 14:51:55
1syzlmo_4,texts,https://preview.redd.it/cx60vcr2y4yg1.png?width=1080&format=png&auto=webp&s=a6bf31b1bef704d04513b9c896a33f377f244dd1,texts_1syzlmo_4.png,2026-05-02 14:51:55
1syzlmo_5,texts,https://preview.redd.it/wuxu20m2y4yg1.png?width=1080&format=png&auto=webp&s=868e095687d538e78ec00c1246f7d24e87531070,texts_1syzlmo_5.png,2026-05-02 14:51:55
1syzlmo_6,texts,https://preview.redd.it/4oe0xws2y4yg1.png?width=1080&format=png&auto=webp&s=269e7dcdeb1881d87321c631ddddcef7aa3c71fc,texts_1syzlmo_6.png,2026-05-02 14:51:56
1syzlmo_7,texts,https://preview.redd.it/rmlf34p2y4yg1.png?width=1080&format=png&auto=webp&s=a7436309e0fa1188ad2d0800b5186f36292b5f78,texts_1syzlmo_7.png,2026-05-02 14:51:56
1syzlmo_8,texts,https://preview.redd.it/es5fsad2y4yg1.png?width=1080&format=png&auto=webp&s=1012f9b9b724ccbd943fadc13105d56f85ec3501,texts_1syzlmo_8.png,2026-05-02 14:51:56
1syzlmo_9,texts,https://preview.redd.it/kh58u9j2y4yg1.png?width=1080&format=png&auto=webp&s=8c2774493debf144994bcf21ec84fc281cc551e2,texts_1syzlmo_9.png,2026-05-02 14:51:56
1syzlmo_10,texts,https://preview.redd.it/pyr4bxu2y4yg1.png?width=1080&format=png&auto=webp&s=a57af94c70a78f88a2226adc9dc836a97780b308,texts_1syzlmo_10.png,2026-05-02 14:51:56
1syzlmo_11,texts,https://preview.redd.it/mpqz3vn2y4yg1.png?width=1080&format=png&auto=webp&s=2130ceb094ffd081dee8d36d42664b119f490d15,texts_1syzlmo_11.png,2026-05-02 14:51:56
1syzlmo_12,texts,https://preview.redd.it/aqruhbq2y4yg1.png?width=1080&format=png&auto=webp&s=4f34d68c67dcd2fceabf0513c8794bb40af012ca,texts_1syzlmo_12.png,2026-05-02 14:51:56
1syo9t0,texts,https://i.redd.it/97cs55uc32yg1.jpeg,texts_1syo9t0.jpeg,2026-05-02 14:51:56
1sylq9h_0,texts,https://preview.redd.it/fz5sw7byh1yg1.jpg?width=1290&format=pjpg&auto=webp&s=96a502943bb1da05ca3e79c0ff6c24163a76d366,texts_1sylq9h_0.jpg,2026-05-02 14:51:57
1sylq9h_1,texts,https://preview.redd.it/sl7wh8byh1yg1.jpg?width=1290&format=pjpg&auto=webp&s=401da141a0ed4809b8567e0713860c04fceedf90,texts_1sylq9h_1.jpg,2026-05-02 14:51:57
1syi8x8_0,texts,https://preview.redd.it/qboiuix4q0yg1.jpg?width=1179&format=pjpg&auto=webp&s=d30da657170669e4f02429cb11712f2b8343e1ec,texts_1syi8x8_0.jpg,2026-05-02 14:51:57
1syi8x8_1,texts,https://preview.redd.it/h3wq8ix4q0yg1.jpg?width=1178&format=pjpg&auto=webp&s=4c9f86c39a2a5cf9330fbe3d568006ea6f8dbace,texts_1syi8x8_1.jpg,2026-05-02 14:51:57
1syi8x8_2,texts,https://preview.redd.it/uibquix4q0yg1.jpg?width=1179&format=pjpg&auto=webp&s=868fb420ed347b3242863931ef1a94bcd67333cc,texts_1syi8x8_2.jpg,2026-05-02 14:51:57
1syi8x8_3,texts,https://preview.redd.it/d74e5ix4q0yg1.jpg?width=1179&format=pjpg&auto=webp&s=c7dc2453e09fb6063b2f607e41da7a17bde556bc,texts_1syi8x8_3.jpg,2026-05-02 14:51:57
1syi8x8_4,texts,https://preview.redd.it/mhev1ix4q0yg1.jpg?width=1179&format=pjpg&auto=webp&s=004553e1712a271ac19c42b6a55b95a9b8193f62,texts_1syi8x8_4.jpg,2026-05-02 14:51:57
1sycnjb,texts,https://i.redd.it/g2e6l0a0nzxg1.jpeg,texts_1sycnjb.jpeg,2026-05-02 14:51:57
1sy6390_0,texts,https://preview.redd.it/issiyef2iyxg1.jpg?width=1179&format=pjpg&auto=webp&s=03005571b14344dbb62dc0de9df9fe2d99bd4441,texts_1sy6390_0.jpg,2026-05-02 14:51:57
1sy6390_1,texts,https://preview.redd.it/29td0ef2iyxg1.jpg?width=1179&format=pjpg&auto=webp&s=66548068aa38d51ee5215c9bcf4ab99e1a8259cb,texts_1sy6390_1.jpg,2026-05-02 14:51:57
1sy5jx0_0,texts,https://preview.redd.it/24tlh8treyxg1.jpg?width=1170&format=pjpg&auto=webp&s=67448cbf5536079138b9c8d98a936014b8d63449,texts_1sy5jx0_0.jpg,2026-05-02 14:51:57
1sy5jx0_1,texts,https://preview.redd.it/3cv1h8treyxg1.jpg?width=1170&format=pjpg&auto=webp&s=e209de2864f0893a178ef0737db32f1984202378,texts_1sy5jx0_1.jpg,2026-05-02 14:51:57
1sxtuwn_0,texts,https://preview.redd.it/vr7fyvnnqvxg1.jpg?width=1169&format=pjpg&auto=webp&s=b7574ba6506bcdde40c33e8256b994ca1c9f53e6,texts_1sxtuwn_0.jpg,2026-05-02 14:51:58
1sxtuwn_1,texts,https://preview.redd.it/gmmzsunnqvxg1.jpg?width=1170&format=pjpg&auto=webp&s=112160046ea1477d8bdbfdc86173fa249602b38a,texts_1sxtuwn_1.jpg,2026-05-02 14:51:58
1sxtuwn_2,texts,https://preview.redd.it/meen7snnqvxg1.jpg?width=1170&format=pjpg&auto=webp&s=2646b23b3e6c1e36b6019caffbf88fc960b9bb9d,texts_1sxtuwn_2.jpg,2026-05-02 14:51:58
1sxtuwn_3,texts,https://preview.redd.it/lw97runnqvxg1.jpg?width=1074&format=pjpg&auto=webp&s=3b58d941821af71d190084328f0150dbdfc1287e,texts_1sxtuwn_3.jpg,2026-05-02 14:51:58
1sxswzm_0,texts,https://preview.redd.it/mw9bxyz3hvxg1.jpg?width=1179&format=pjpg&auto=webp&s=4387ec1f7faa44535f47bf22f4267bd94f72fa68,texts_1sxswzm_0.jpg,2026-05-02 14:51:58
1sxswzm_1,texts,https://preview.redd.it/q2ocywz3hvxg1.jpg?width=1179&format=pjpg&auto=webp&s=c4e3e9893462bfc429849782e841a240f374764f,texts_1sxswzm_1.jpg,2026-05-02 14:51:58
1sxswzm_2,texts,https://preview.redd.it/3rf6iyz3hvxg1.jpg?width=1179&format=pjpg&auto=webp&s=5dd5e3eb28263717291b550e7d35a948e4635ffe,texts_1sxswzm_2.jpg,2026-05-02 14:51:58
1sxn6ai_0,texts,https://preview.redd.it/0mzyldfu3uxg1.jpg?width=1179&format=pjpg&auto=webp&s=c69ea5a7196a9f900921ee83113c36e4540afecd,texts_1sxn6ai_0.jpg,2026-05-02 14:51:58
1sxn6ai_1,texts,https://preview.redd.it/ewhpwdfu3uxg1.jpg?width=1179&format=pjpg&auto=webp&s=7b810c581e1823db12f7c1387662cd707a803bf5,texts_1sxn6ai_1.jpg,2026-05-02 14:51:59
1sxn6ai_2,texts,https://preview.redd.it/33470hfu3uxg1.jpg?width=1179&format=pjpg&auto=webp&s=63c570c1cc5380ebc6a15c85e29539dda33abc56,texts_1sxn6ai_2.jpg,2026-05-02 14:51:59
1sxn6ai_3,texts,https://preview.redd.it/m5fd9efu3uxg1.jpg?width=1178&format=pjpg&auto=webp&s=e417f9706ae52ed1e0a1ae0d57a4121a18db4650,texts_1sxn6ai_3.jpg,2026-05-02 14:51:59
1sxn6ai_4,texts,https://preview.redd.it/anod6dfu3uxg1.jpg?width=1179&format=pjpg&auto=webp&s=8cc0ea6d4e598a528c46a84cabd720da3f6ed250,texts_1sxn6ai_4.jpg,2026-05-02 14:51:59
1sxe29o,texts,https://i.redd.it/rnfifxtubsxg1.jpeg,texts_1sxe29o.jpeg,2026-05-02 14:51:59
1sxdx9p,texts,https://i.redd.it/a445s4yyasxg1.jpeg,texts_1sxdx9p.jpeg,2026-05-02 14:51:59
1sxbtl8_0,texts,https://preview.redd.it/84wp5x3vxrxg1.jpg?width=597&format=pjpg&auto=webp&s=8a60749166686b6105f293c5e79f65c65b94d2b9,texts_1sxbtl8_0.jpg,2026-05-02 14:51:59
1sxbtl8_1,texts,https://preview.redd.it/21nkww3vxrxg1.jpg?width=597&format=pjpg&auto=webp&s=4e5d0284d3058975753689c2da8c3b867e19074c,texts_1sxbtl8_1.jpg,2026-05-02 14:51:59
1sxabau_0,texts,https://preview.redd.it/orl3xhcoorxg1.jpg?width=1179&format=pjpg&auto=webp&s=1dbafb0fe7079851ae77fdf6456be25758846ad2,texts_1sxabau_0.jpg,2026-05-02 14:51:59
1sxabau_1,texts,https://preview.redd.it/qcbkhjcoorxg1.jpg?width=1179&format=pjpg&auto=webp&s=2a2637b6ed99fd64b60a91d409d95c36758b49b4,texts_1sxabau_1.jpg,2026-05-02 14:51:59
1sxa4lx_0,texts,https://preview.redd.it/ofv0vjyinrxg1.jpg?width=1178&format=pjpg&auto=webp&s=0f3a207160a3b046a397bef265b0328f779315b6,texts_1sxa4lx_0.jpg,2026-05-02 14:52:00
1sxa4lx_1,texts,https://preview.redd.it/ljrypjyinrxg1.jpg?width=1178&format=pjpg&auto=webp&s=3fd3c509b585fcb2de488d37280e67880be550be,texts_1sxa4lx_1.jpg,2026-05-02 14:52:00
1sxa4lx_2,texts,https://preview.redd.it/5tg13kyinrxg1.jpg?width=1179&format=pjpg&auto=webp&s=2567f1eee18069cd1442673270a988be935160b5,texts_1sxa4lx_2.jpg,2026-05-02 14:52:00
1sx9l3h,texts,https://i.redd.it/ocda6tw7krxg1.jpeg,texts_1sx9l3h.jpeg,2026-05-02 14:52:00
1sx59y1,texts,https://i.redd.it/be3gi0p7tqxg1.jpeg,texts_1sx59y1.jpeg,2026-05-02 14:52:00
1sx3khm,texts,https://i.redd.it/rdr1naw2iqxg1.jpeg,texts_1sx3khm.jpeg,2026-05-02 14:52:00
1swyiba_0,texts,https://preview.redd.it/3bhz4tjtapxg1.jpg?width=1206&format=pjpg&auto=webp&s=a6e111d8141351dc9bedada6dd974a5557cd7716,texts_1swyiba_0.jpg,2026-05-02 14:52:00
1swyiba_1,texts,https://preview.redd.it/ccbgftjtapxg1.jpg?width=1206&format=pjpg&auto=webp&s=1417df68f4ceecf9e431cd1f91f2ebb8b2f43312,texts_1swyiba_1.jpg,2026-05-02 14:52:01
1swt5ij,texts,https://i.redd.it/2yg5fg5usnxg1.jpeg,texts_1swt5ij.jpeg,2026-05-02 14:52:01
1swsy72,texts,https://i.redd.it/y1up0nnyqnxg1.jpeg,texts_1swsy72.jpeg,2026-05-02 14:52:01
1swpi2g_0,texts,https://preview.redd.it/5eqpx84kxmxg1.jpg?width=1170&format=pjpg&auto=webp&s=63eccc90dde57fd1ab8b540d76fad0bcfbad2887,texts_1swpi2g_0.jpg,2026-05-02 14:52:01
1swpi2g_1,texts,https://preview.redd.it/6jh82i4kxmxg1.jpg?width=1170&format=pjpg&auto=webp&s=c694d527d4c9c7623c167f49c311030100008f63,texts_1swpi2g_1.jpg,2026-05-02 14:52:01
1swpi2g_2,texts,https://preview.redd.it/25hol84kxmxg1.jpg?width=1170&format=pjpg&auto=webp&s=3e4c26e3f43ce57f7875c2585294017ca81275c0,texts_1swpi2g_2.jpg,2026-05-02 14:52:01
1swpi2g_3,texts,https://preview.redd.it/x2o9b94kxmxg1.jpg?width=1170&format=pjpg&auto=webp&s=d293e754f47a1b4fe3b94fe7d088fb8684861890,texts_1swpi2g_3.jpg,2026-05-02 14:52:01
1swpi2g_4,texts,https://preview.redd.it/nxzfr84kxmxg1.jpg?width=1170&format=pjpg&auto=webp&s=c11a8b4d10e832cb9244597643c4aca7ff3eeca5,texts_1swpi2g_4.jpg,2026-05-02 14:52:01
1swpdlp,texts,https://i.redd.it/187sexnjwmxg1.jpeg,texts_1swpdlp.jpeg,2026-05-02 14:52:01
1swpar0,texts,https://i.redd.it/7qho7lfwvmxg1.jpeg,texts_1swpar0.jpeg,2026-05-02 14:52:02
1swndpd_0,texts,https://preview.redd.it/26eu6sx3gmxg1.jpg?width=1170&format=pjpg&auto=webp&s=b94d89c698ccd5b9d9b82c0e7bd1a70904f97c55,texts_1swndpd_0.jpg,2026-05-02 14:52:02
1swndpd_1,texts,https://preview.redd.it/gawthsx3gmxg1.jpg?width=1170&format=pjpg&auto=webp&s=398aba5b016ed708e17f037e0174ec7121287523,texts_1swndpd_1.jpg,2026-05-02 14:52:02
1swndpd_2,texts,https://preview.redd.it/aadc4sx3gmxg1.jpg?width=1170&format=pjpg&auto=webp&s=ed65f2ec9632e0c43c05ea79307a39cdbab0f0f8,texts_1swndpd_2.jpg,2026-05-02 14:52:02
1swndpd_3,texts,https://preview.redd.it/obnujsx3gmxg1.jpg?width=1170&format=pjpg&auto=webp&s=5785da4c007b51f3d2162c899e7287f4c6f86b30,texts_1swndpd_3.jpg,2026-05-02 14:52:02
1swhy6p,texts,https://i.redd.it/5ddwlgaaclxg1.jpeg,texts_1swhy6p.jpeg,2026-05-02 14:52:02
1swepp4_0,texts,https://preview.redd.it/95v6vc9zqkxg1.png?width=1080&format=png&auto=webp&s=eaa5dcaad57eefdac9ea620f880639c8742f1ecf,texts_1swepp4_0.png,2026-05-02 14:52:02
1swepp4_1,texts,https://preview.redd.it/voutdtfzqkxg1.png?width=1080&format=png&auto=webp&s=433f84851cb468bc6af52bca5589d31b079aa151,texts_1swepp4_1.png,2026-05-02 14:52:02
1swdxcl_0,texts,https://preview.redd.it/cllutttrlkxg1.jpg?width=960&format=pjpg&auto=webp&s=1db86e16aaca3dc7f29ac1a416234b35aef53f78,texts_1swdxcl_0.jpg,2026-05-02 14:52:03
1swdxcl_1,texts,https://preview.redd.it/o9li9utrlkxg1.jpg?width=960&format=pjpg&auto=webp&s=a1f275cb1c31c997265bacca261a207ac2b67693,texts_1swdxcl_1.jpg,2026-05-02 14:52:03
1svyii9_0,texts,https://preview.redd.it/cis4cas1zgxg1.jpg?width=750&format=pjpg&auto=webp&s=1e041eee16a7723159173df24170cbd074a40b63,texts_1svyii9_0.jpg,2026-05-02 14:52:03
1svyii9_1,texts,https://preview.redd.it/09ofo9s1zgxg1.jpg?width=750&format=pjpg&auto=webp&s=ec5b9c26b1abbdbdcd59754b6483da3e50af77d4,texts_1svyii9_1.jpg,2026-05-02 14:52:03
1svyii9_2,texts,https://preview.redd.it/9hajocs1zgxg1.jpg?width=750&format=pjpg&auto=webp&s=4ea4db5a37b3d51d916be5f17daf06d9167e8ea2,texts_1svyii9_2.jpg,2026-05-02 14:52:03
1svyii9_3,texts,https://preview.redd.it/xtqsf9s1zgxg1.jpg?width=750&format=pjpg&auto=webp&s=d64e31e58c5d7f3189e060b6c4a7137cb000224f,texts_1svyii9_3.jpg,2026-05-02 14:52:03
1svyii9_4,texts,https://preview.redd.it/l8nogbs1zgxg1.jpg?width=750&format=pjpg&auto=webp&s=5d3d5188d1c2ef658b88adbfb1e0f86026dd9886,texts_1svyii9_4.jpg,2026-05-02 14:52:03
1svyii9_5,texts,https://preview.redd.it/40gqyas1zgxg1.jpg?width=750&format=pjpg&auto=webp&s=f847c793325465d1b59e7e4fe863aedf78673093,texts_1svyii9_5.jpg,2026-05-02 14:52:03
1svyii9_6,texts,https://preview.redd.it/air0rfs1zgxg1.jpg?width=750&format=pjpg&auto=webp&s=24c9ec5e8c4f210e5ab4d27d13da309169563b5c,texts_1svyii9_6.jpg,2026-05-02 14:52:03
1svyii9_7,texts,https://preview.redd.it/awwan9s1zgxg1.jpg?width=749&format=pjpg&auto=webp&s=2b2b6531c22526be116907e9e23dc914adf29199,texts_1svyii9_7.jpg,2026-05-02 14:52:03
1svyii9_8,texts,https://preview.redd.it/s8op3ds1zgxg1.jpg?width=750&format=pjpg&auto=webp&s=5e1088aa39f9cff91c38185c3de5271a7c9b79b8,texts_1svyii9_8.jpg,2026-05-02 14:52:03
1svyii9_9,texts,https://preview.redd.it/kz7xbbs1zgxg1.jpg?width=750&format=pjpg&auto=webp&s=a9a46b1a2c5d95d74dc5a0ec762f2875578f141b,texts_1svyii9_9.jpg,2026-05-02 14:52:03
1svyii9_10,texts,https://preview.redd.it/kggx0bs1zgxg1.jpg?width=750&format=pjpg&auto=webp&s=1291ce278e11658afadf55c729b31796fd0c0578,texts_1svyii9_10.jpg,2026-05-02 14:52:03
1svyii9_11,texts,https://preview.redd.it/2cqulas1zgxg1.jpg?width=750&format=pjpg&auto=webp&s=2574c1fd2ef9c4dca7417a9a34aebd0ca4af6980,texts_1svyii9_11.jpg,2026-05-02 14:52:03
1svyii9_12,texts,https://preview.redd.it/dg14ods1zgxg1.jpg?width=750&format=pjpg&auto=webp&s=91a480e7a9b70ddf1e27341703b6cf79121233cb,texts_1svyii9_12.jpg,2026-05-02 14:52:03
1svyheq_0,texts,https://preview.redd.it/kkr7vzzrygxg1.jpg?width=1440&format=pjpg&auto=webp&s=312aaed8c6a6b321ecc5f905062ed37f0fd40a45,texts_1svyheq_0.jpg,2026-05-02 14:52:04
1svyheq_1,texts,https://preview.redd.it/xb2g1xxrygxg1.jpg?width=1152&format=pjpg&auto=webp&s=51a089ae5481f457ff000b90d440f175b8433e86,texts_1svyheq_1.jpg,2026-05-02 14:52:04
1svyheq_2,texts,https://preview.redd.it/0gctps1sygxg1.jpg?width=1440&format=pjpg&auto=webp&s=675c1f594650d71eb109d65f31ace6e573bf1942,texts_1svyheq_2.jpg,2026-05-02 14:52:04
1svmrfj_0,texts,https://preview.redd.it/e77bx38eaexg1.png?width=1080&format=png&auto=webp&s=70523198e28f890d7a57894ca39ee894386d3a51,texts_1svmrfj_0.png,2026-05-02 14:52:04
1svmrfj_1,texts,https://preview.redd.it/zxofqzidaexg1.png?width=1080&format=png&auto=webp&s=a001f104df0df39c526966c1066b18a9c282ac6f,texts_1svmrfj_1.png,2026-05-02 14:52:05
1svmrfj_2,texts,https://preview.redd.it/pki13n7gaexg1.png?width=1080&format=png&auto=webp&s=ef7ceaf15e5bac76c4fa58a49cebc2a9269dc179,texts_1svmrfj_2.png,2026-05-02 14:52:05
1svmrfj_3,texts,https://preview.redd.it/h0h787kcaexg1.png?width=1080&format=png&auto=webp&s=cd51d1ebdf7135b92736cce3e713c8b04822cf44,texts_1svmrfj_3.png,2026-05-02 14:52:05
1svmrfj_4,texts,https://preview.redd.it/73lbu22baexg1.png?width=1080&format=png&auto=webp&s=51ed4aad37a01e8b713c321ae012b5e9aecd8f9e,texts_1svmrfj_4.png,2026-05-02 14:52:05
1svmrfj_5,texts,https://preview.redd.it/j920g80daexg1.png?width=1080&format=png&auto=webp&s=089ea34f35bbfb9e50fed144bdcbefc9eb584fc4,texts_1svmrfj_5.png,2026-05-02 14:52:06
1sv6pac,texts,https://i.redd.it/s0pdstiutaxg1.jpeg,texts_1sv6pac.jpeg,2026-05-02 14:52:06
1sv0pj1_0,texts,https://preview.redd.it/hejnpwfb89xg1.jpg?width=1320&format=pjpg&auto=webp&s=af1af270fcb8c08e4ffaf383f4fbf964e657a597,texts_1sv0pj1_0.jpg,2026-05-02 14:52:06
1sv0pj1_1,texts,https://preview.redd.it/bz1h5xfb89xg1.jpg?width=1320&format=pjpg&auto=webp&s=2451bb300b316aedec1f579bf0668a5f6784aca0,texts_1sv0pj1_1.jpg,2026-05-02 14:52:06
1sv0i6d,texts,https://i.redd.it/1rme3q0k69xg1.jpeg,texts_1sv0i6d.jpeg,2026-05-02 14:52:06
1suzyxz,texts,https://i.redd.it/79x12s7529xg1.jpeg,texts_1suzyxz.jpeg,2026-05-02 14:52:06
1sus2b2_0,texts,https://preview.redd.it/whzytouqc7xg1.jpg?width=1206&format=pjpg&auto=webp&s=9efc46dc264c7e580b19ecdcda822a1e5dce727c,texts_1sus2b2_0.jpg,2026-05-02 14:52:06
1sus2b2_1,texts,https://preview.redd.it/2fpvgquqc7xg1.jpg?width=1206&format=pjpg&auto=webp&s=2775373da33dfef7b67b82c5f3a18b563f5b9934,texts_1sus2b2_1.jpg,2026-05-02 14:52:06
1sus2b2_2,texts,https://preview.redd.it/ef63douqc7xg1.jpg?width=1206&format=pjpg&auto=webp&s=cb08c5700103bc09a90719855f0c7845585e9c1b,texts_1sus2b2_2.jpg,2026-05-02 14:52:06
1sus2b2_3,texts,https://preview.redd.it/d16jtouqc7xg1.jpg?width=1206&format=pjpg&auto=webp&s=84750b29a3ea3f4ec2701c26effaecbd0dbca549,texts_1sus2b2_3.jpg,2026-05-02 14:52:06
1suoq6n,texts,https://i.redd.it/vz8w68nlq6xg1.jpeg,texts_1suoq6n.jpeg,2026-05-02 14:52:07
1sunvz9_0,texts,https://preview.redd.it/26hu6y53l6xg1.jpg?width=1170&format=pjpg&auto=webp&s=7521a4b0e726e1538e36b7fc0ce1cda8ac8a03d9,texts_1sunvz9_0.jpg,2026-05-02 14:52:07
1sunvz9_1,texts,https://preview.redd.it/m6a4zw53l6xg1.jpg?width=1170&format=pjpg&auto=webp&s=a450ee169917b575893c5c8d6c3fc2c8adec42d6,texts_1sunvz9_1.jpg,2026-05-02 14:52:07
1sunvz9_2,texts,https://preview.redd.it/emrtky53l6xg1.jpg?width=1170&format=pjpg&auto=webp&s=f4839d2c994fec39d6ed9713f31a118a1fdcf50a,texts_1sunvz9_2.jpg,2026-05-02 14:52:07
1sunvz9_3,texts,https://preview.redd.it/2pfzzw53l6xg1.jpg?width=1170&format=pjpg&auto=webp&s=bcef621ba1819f927d2f2cf229eadcd1ba743632,texts_1sunvz9_3.jpg,2026-05-02 14:52:07
1sunvz9_4,texts,https://preview.redd.it/d7hx0y53l6xg1.jpg?width=1170&format=pjpg&auto=webp&s=65e1ef57c69ffd3f54abb12332b476fd1dcbe8a8,texts_1sunvz9_4.jpg,2026-05-02 14:52:07
1sune3u_0,texts,https://preview.redd.it/9x689xlwh6xg1.jpg?width=1179&format=pjpg&auto=webp&s=2eeceafd48fe4b1df208d76db78e5fe383393bb9,texts_1sune3u_0.jpg,2026-05-02 14:52:07
1sune3u_1,texts,https://preview.redd.it/32hnhwlwh6xg1.jpg?width=1179&format=pjpg&auto=webp&s=dbb81b7dfe16d7a33e5c40a5cfdc0ec8cbcae62f,texts_1sune3u_1.jpg,2026-05-02 14:52:07
1sune3u_2,texts,https://preview.redd.it/xcxckxlwh6xg1.jpg?width=1179&format=pjpg&auto=webp&s=8222743a96e320e06c830e1848f505e988db24d1,texts_1sune3u_2.jpg,2026-05-02 14:52:07
1sune3u_3,texts,https://preview.redd.it/ic3iixlwh6xg1.jpg?width=1179&format=pjpg&auto=webp&s=1338935ef5433b8e737308a41442a9e50dff9844,texts_1sune3u_3.jpg,2026-05-02 14:52:08
1sum1zm,texts,https://i.redd.it/sz2sor0d96xg1.jpeg,texts_1sum1zm.jpeg,2026-05-02 14:52:08
1sug2vq,texts,https://i.redd.it/42m06r7b65xg1.jpeg,texts_1sug2vq.jpeg,2026-05-02 14:52:08
1su3n2d,texts,https://i.redd.it/q976a6cc02xg1.png,texts_1su3n2d.png,2026-05-02 14:52:08
1su058j,texts,https://i.redd.it/b5wyzhfu71xg1.jpeg,texts_1su058j.jpeg,2026-05-02 14:52:08
1su049k,texts,https://i.redd.it/ryhwoxam71xg1.jpeg,texts_1su049k.jpeg,2026-05-02 14:52:08
1stxjua,texts,https://i.redd.it/pqnc5llrn0xg1.jpeg,texts_1stxjua.jpeg,2026-05-02 14:52:08
1stwkcu,texts,https://i.redd.it/g83uewwpg0xg1.jpeg,texts_1stwkcu.jpeg,2026-05-02 14:52:08
1stvcov,texts,https://i.redd.it/1gc6ppuc80xg1.jpeg,texts_1stvcov.jpeg,2026-05-02 14:52:08
1stjaix,texts,https://i.redd.it/38213sbv2ywg1.jpeg,texts_1stjaix.jpeg,2026-05-02 14:52:09
1sthb7y_0,texts,https://preview.redd.it/l3pcswxeoxwg1.jpg?width=1179&format=pjpg&auto=webp&s=debdbd19e727d582a14108758ae70420bc9f75bb,texts_1sthb7y_0.jpg,2026-05-02 14:52:09
1sthb7y_1,texts,https://preview.redd.it/2bj35yxeoxwg1.jpg?width=1179&format=pjpg&auto=webp&s=fba7a43b4f6dc40a631c5b3e91faf30232326426,texts_1sthb7y_1.jpg,2026-05-02 14:52:09
1sthb7y_2,texts,https://preview.redd.it/uzf9pwxeoxwg1.jpg?width=1179&format=pjpg&auto=webp&s=3505b42960b7cfaaa822cb15d227e01eab9d1158,texts_1sthb7y_2.jpg,2026-05-02 14:52:09
1sthb7y_3,texts,https://preview.redd.it/8os78zxeoxwg1.jpg?width=1179&format=pjpg&auto=webp&s=5c5cd12e4135bee429375ea53f91e416cdc07bed,texts_1sthb7y_3.jpg,2026-05-02 14:52:09
1sthb7y_4,texts,https://preview.redd.it/3aav1xxeoxwg1.jpg?width=1179&format=pjpg&auto=webp&s=e8bdf461407417e48166db222106e24cb42a728c,texts_1sthb7y_4.jpg,2026-05-02 14:52:09
1sthb7y_5,texts,https://preview.redd.it/s2t48yxeoxwg1.jpg?width=1179&format=pjpg&auto=webp&s=a6417564aa792c26a462b0383a187e8146ee9d5d,texts_1sthb7y_5.jpg,2026-05-02 14:52:09
1staoqs,texts,https://i.redd.it/2v6ixa6svvwg1.jpeg,texts_1staoqs.jpeg,2026-05-02 14:52:09
1sta5lk,texts,https://i.redd.it/ihfsluxnqvwg1.jpeg,texts_1sta5lk.jpeg,2026-05-02 14:52:09
1st6mu8,texts,https://i.redd.it/jox5pokbvuwg1.jpeg,texts_1st6mu8.jpeg,2026-05-02 14:52:10
1st67g9,texts,https://i.redd.it/lg1mlj0uruwg1.jpeg,texts_1st67g9.jpeg,2026-05-02 14:52:10
1st61he_0,texts,https://preview.redd.it/sjraaefhquwg1.jpg?width=1080&format=pjpg&auto=webp&s=a30785fb7dac21e17c7ad912d486b6085aa659a7,texts_1st61he_0.jpg,2026-05-02 14:52:10
1st61he_1,texts,https://preview.redd.it/ttqpy6chquwg1.jpg?width=1080&format=pjpg&auto=webp&s=d5f9d8b428b3744519013f2ece54d91b8d9129e3,texts_1st61he_1.jpg,2026-05-02 14:52:10
1st1nfa,texts,https://i.redd.it/gnv5lugmrtwg1.jpeg,texts_1st1nfa.jpeg,2026-05-02 14:52:10
1ssshdj,texts,https://i.redd.it/a0zbidtv2swg1.jpeg,texts_1ssshdj.jpeg,2026-05-02 14:52:10
1sss6yw,texts,https://i.redd.it/nl2jjuw31swg1.jpeg,texts_1sss6yw.jpeg,2026-05-02 14:52:10
1ssqui7,texts,https://i.redd.it/xsr3b2vqsrwg1.jpeg,texts_1ssqui7.jpeg,2026-05-02 14:52:10
1sspzk9,texts,https://i.redd.it/ehfru3d9nrwg1.jpeg,texts_1sspzk9.jpeg,2026-05-02 14:52:10
1sspzjc_0,texts,https://preview.redd.it/7hj50z99nrwg1.jpg?width=1170&format=pjpg&auto=webp&s=5d905d7d82a67338169025f99b22d3fa81b81f7e,texts_1sspzjc_0.jpg,2026-05-02 14:52:10
1sspzjc_1,texts,https://preview.redd.it/sa9zl0a9nrwg1.jpg?width=1170&format=pjpg&auto=webp&s=b2677423a2d79eb2ab7d0f940401716ed6140fba,texts_1sspzjc_1.jpg,2026-05-02 14:52:10
1sso25t_0,texts,https://preview.redd.it/55sq0s11brwg1.jpg?width=1170&format=pjpg&auto=webp&s=e79a4512d048cc46e27d6f6b5f7e9f76d5dcfc14,texts_1sso25t_0.jpg,2026-05-02 14:52:11
1sso25t_1,texts,https://preview.redd.it/oxk8rr11brwg1.jpg?width=1170&format=pjpg&auto=webp&s=b4f522720ae7f7914212b574572a2c47a2423f85,texts_1sso25t_1.jpg,2026-05-02 14:52:11
1sso25t_2,texts,https://preview.redd.it/10e2dt11brwg1.jpg?width=1170&format=pjpg&auto=webp&s=ea7689d78b643663fc63402f996fcb62b66404be,texts_1sso25t_2.jpg,2026-05-02 14:52:11
1sso25t_3,texts,https://preview.redd.it/yrgnvr11brwg1.jpg?width=1170&format=pjpg&auto=webp&s=dd65926acccc7ff9ddb788f8f200cb0903cee1b9,texts_1sso25t_3.jpg,2026-05-02 14:52:11
1sso25t_4,texts,https://preview.redd.it/2wih7r11brwg1.jpg?width=1170&format=pjpg&auto=webp&s=d97f7c0b0ff7c8b2c33e36ce1279ff05c57a0daf,texts_1sso25t_4.jpg,2026-05-02 14:52:11
1sso25t_5,texts,https://preview.redd.it/7raadr11brwg1.jpg?width=1170&format=pjpg&auto=webp&s=ae220d1d289492f9a49aa6ed728932c005f4d622,texts_1sso25t_5.jpg,2026-05-02 14:52:11
1sso25t_6,texts,https://preview.redd.it/h2onmr11brwg1.jpg?width=1170&format=pjpg&auto=webp&s=30e3ed41b4369a7063c3a3f4e0a46a5276f4a0d6,texts_1sso25t_6.jpg,2026-05-02 14:52:11
1sso25t_7,texts,https://preview.redd.it/4jcyhr11brwg1.jpg?width=1170&format=pjpg&auto=webp&s=7b95ff0806d7d9d5ce378d4e25332c43036f3ac5,texts_1sso25t_7.jpg,2026-05-02 14:52:11
1sslha2_0,texts,https://preview.redd.it/ywb0qtfxtqwg1.png?width=673&format=png&auto=webp&s=efe1ff2ce6f6a72b8bc34109d694e9b68a9feb33,texts_1sslha2_0.png,2026-05-02 14:52:11
1sslha2_1,texts,https://preview.redd.it/p1cixw15tqwg1.png?width=1080&format=png&auto=webp&s=48c4dba2f27c40377fddf931d756f19eb788450a,texts_1sslha2_1.png,2026-05-02 14:52:11
1ss4euq,texts,https://i.redd.it/aouw756bomwg1.jpeg,texts_1ss4euq.jpeg,2026-05-02 14:52:12
1srvyjf,texts,https://i.redd.it/7d6y0a6p4lwg1.jpeg,texts_1srvyjf.jpeg,2026-05-02 14:52:12
1srscsf_0,texts,https://preview.redd.it/095g5v4wikwg1.jpg?width=1080&format=pjpg&auto=webp&s=4cc9da7ff53ec32558ef5fd13feb4b3f59454519,texts_1srscsf_0.jpg,2026-05-02 14:52:12
1srscsf_1,texts,https://preview.redd.it/2jjtlj6wikwg1.jpg?width=1080&format=pjpg&auto=webp&s=f53b681ee5da69c48cfad44d32104e87c3655056,texts_1srscsf_1.jpg,2026-05-02 14:52:12
1sre1u9,texts,https://i.redd.it/sonhi7yp7hwg1.jpeg,texts_1sre1u9.jpeg,2026-05-02 14:52:12
1srdgq0,texts,https://i.redd.it/i6o8rs9d2hwg1.jpeg,texts_1srdgq0.jpeg,2026-05-02 14:52:12
1srdf7m_0,texts,https://preview.redd.it/ltxmj7xy1hwg1.jpg?width=1284&format=pjpg&auto=webp&s=0aed46162d6db7e3805ac88b5ba996769ca83370,texts_1srdf7m_0.jpg,2026-05-02 14:52:12
1srdf7m_1,texts,https://preview.redd.it/q5v9l7xy1hwg1.jpg?width=1284&format=pjpg&auto=webp&s=52c1e7d212d14816baad6f21f91259a383e32747,texts_1srdf7m_1.jpg,2026-05-02 14:52:13
1srdf7m_2,texts,https://preview.redd.it/d833oaxy1hwg1.jpg?width=1284&format=pjpg&auto=webp&s=e52dd657b7b04d00441db01aa5fe7abcec881cdb,texts_1srdf7m_2.jpg,2026-05-02 14:52:13
1srdf7m_3,texts,https://preview.redd.it/bl6z18xy1hwg1.jpg?width=1284&format=pjpg&auto=webp&s=9a32ff0c4f50134a6fc4d0f500a66db1a655f594,texts_1srdf7m_3.jpg,2026-05-02 14:52:13
1srdf7m_4,texts,https://preview.redd.it/cfp0qcxy1hwg1.jpg?width=1284&format=pjpg&auto=webp&s=099abe6eb7f25dc0c1f748376add1cb798a664db,texts_1srdf7m_4.jpg,2026-05-02 14:52:13
1srdf7m_5,texts,https://preview.redd.it/7o6fh8xy1hwg1.jpg?width=1284&format=pjpg&auto=webp&s=a872f1edadd3e377a5fc7e4bb4b441a5da6d83b0,texts_1srdf7m_5.jpg,2026-05-02 14:52:13
1srdf7m_6,texts,https://preview.redd.it/uxgyl8xy1hwg1.jpg?width=1284&format=pjpg&auto=webp&s=766b88a9c7e45176078b2a26076053a43c47a475,texts_1srdf7m_6.jpg,2026-05-02 14:52:13
1srdf7m_7,texts,https://preview.redd.it/0z56d8xy1hwg1.jpg?width=1284&format=pjpg&auto=webp&s=bf861c2e0aa796977f3baaf58843c7c75e790ac1,texts_1srdf7m_7.jpg,2026-05-02 14:52:13
1srdf7m_8,texts,https://preview.redd.it/wlwolaxy1hwg1.jpg?width=1284&format=pjpg&auto=webp&s=bedfed13136875b89d2a50ffe91cc34b3e3afee7,texts_1srdf7m_8.jpg,2026-05-02 14:52:14
1srdf7m_9,texts,https://preview.redd.it/85bmdaxy1hwg1.jpg?width=1284&format=pjpg&auto=webp&s=af882f885c82be937a37784d723232fa59baa76d,texts_1srdf7m_9.jpg,2026-05-02 14:52:14
1sr6z7n,texts,https://i.redd.it/nj0v0jlvlfwg1.jpeg,texts_1sr6z7n.jpeg,2026-05-02 14:52:14
1sqy037,texts,https://i.redd.it/ih9769dz1ewg1.jpeg,texts_1sqy037.jpeg,2026-05-02 14:52:14
1squ905_0,texts,https://preview.redd.it/r0fly861gdwg1.jpg?width=1320&format=pjpg&auto=webp&s=3023b58ca6572f17cd277a83f948eb4250038447,texts_1squ905_0.jpg,2026-05-02 14:52:14
1squ905_1,texts,https://preview.redd.it/gqavb961gdwg1.jpg?width=1320&format=pjpg&auto=webp&s=75f5ce7f08a7f3cf818514ee1b74ca70d381d1f7,texts_1squ905_1.jpg,2026-05-02 14:52:14
1squ905_2,texts,https://preview.redd.it/ktu3t761gdwg1.jpg?width=1320&format=pjpg&auto=webp&s=33c5d0e87c93407e12f48bef050dab28421d035c,texts_1squ905_2.jpg,2026-05-02 14:52:14
1squ905_3,texts,https://preview.redd.it/t89fy861gdwg1.jpg?width=1320&format=pjpg&auto=webp&s=bcfadaa69a6a49ae79f03a4caafcd6c66826be0f,texts_1squ905_3.jpg,2026-05-02 14:52:14
1squ905_4,texts,https://preview.redd.it/a44l8861gdwg1.jpg?width=1320&format=pjpg&auto=webp&s=4fc00263c828c18bf83cacca6c06691c1d27f22f,texts_1squ905_4.jpg,2026-05-02 14:52:14
1sqlbbx_0,texts,https://preview.redd.it/ep8mslbxnbwg1.jpg?width=1179&format=pjpg&auto=webp&s=ceb8467de5214119af7f387a8247e5094b74452f,texts_1sqlbbx_0.jpg,2026-05-02 14:52:14
1sqlbbx_1,texts,https://preview.redd.it/8ry3bkbxnbwg1.jpg?width=1179&format=pjpg&auto=webp&s=7e65a1364d64775a137e4a6aa92d2bb131ae5ee7,texts_1sqlbbx_1.jpg,2026-05-02 14:52:14
1sqiwbe,texts,https://i.redd.it/8wnr5dbcyawg1.jpeg,texts_1sqiwbe.jpeg,2026-05-02 14:52:15
1syp7pc,Badfaketexts,https://i.redd.it/qpzv6jowb2yg1.png,Badfaketexts_1syp7pc.png,2026-05-02 14:52:15
1sy8h8i,Badfaketexts,https://i.redd.it/dsuzdr1twyxg1.png,Badfaketexts_1sy8h8i.png,2026-05-02 14:52:15
1sy5gow,Badfaketexts,https://i.redd.it/bu0g49v4eyxg1.png,Badfaketexts_1sy5gow.png,2026-05-02 14:52:15
1sxilow_0,Badfaketexts,https://preview.redd.it/mtprhs345txg1.jpg?width=746&format=pjpg&auto=webp&s=353a2747e7bee3eb4271979a037604459ad375c3,Badfaketexts_1sxilow_0.jpg,2026-05-02 14:52:15
1sxilow_1,Badfaketexts,https://preview.redd.it/9t3gkqk35txg1.jpg?width=746&format=pjpg&auto=webp&s=85d982b2918bc83a3855008abb6205bd6135fc23,Badfaketexts_1sxilow_1.jpg,2026-05-02 14:52:15
1sw42rr,Badfaketexts,https://i.redd.it/exyqdn7ajixg1.jpeg,Badfaketexts_1sw42rr.jpeg,2026-05-02 14:52:15
1srlyjw,Badfaketexts,https://i.redd.it/0szt0q1mbjwg1.png,Badfaketexts_1srlyjw.png,2026-05-02 14:52:15
1sk2ypb,Badfaketexts,https://i.redd.it/r310wzjklwug1.jpeg,Badfaketexts_1sk2ypb.jpeg,2026-05-02 14:52:15
1sft070,Badfaketexts,https://i.redd.it/nnhfmocmyytg1.png,Badfaketexts_1sft070.png,2026-05-02 14:52:15
